"long","lat","name","class","has_nature","has_garden","has_biking","sqft","bgroup_id2","nbhd_id","nbhd_name"
-104.73595231,39.78372522,"Highline Canal (Picadilly to Orleans)","Linear",TRUE,FALSE,TRUE,119825.163772811,"80310083891",28,"Gateway - Green Valley Ranch"
-104.73695982,39.775563,"First Creek Open Space","Open Space",TRUE,FALSE,TRUE,1614085.4363766,"80310083911",28,"Gateway - Green Valley Ranch"
-104.73919178,39.78386097,"Highline Canal (Orleans to Nepal)","Linear",TRUE,FALSE,TRUE,45290.7048523252,"80310083891",28,"Gateway - Green Valley Ranch"
-104.74613507,39.77286902,"Unnamed 42nd & Lisbon Park","Community",FALSE,FALSE,TRUE,783430.779474009,"80310083912",28,"Gateway - Green Valley Ranch"
-104.74724837,39.78888941,"Highline Canal (GVR Golf)","Linear",TRUE,FALSE,TRUE,461302.993790665,"80310083893",28,"Gateway - Green Valley Ranch"
-104.75049849,39.77677104,"Highline Canal (GVR)","Linear",TRUE,FALSE,TRUE,1177021.13914858,"80310083911",28,"Gateway - Green Valley Ranch"
-104.75080728,39.77883643,"Green Valley Ranch East Park","Community",FALSE,FALSE,FALSE,585531.471368605,"80310083911",28,"Gateway - Green Valley Ranch"
-104.75210411,39.79664896,"Highline Canal (Maxwell to 56th)","Undeveloped",TRUE,FALSE,TRUE,185992.363778876,"80310083893",28,"Gateway - Green Valley Ranch"
-104.75840388,39.77279709,"Unnamed 41st & Ensenada Park","Neighborhood",FALSE,FALSE,TRUE,221306.426118697,"80310083902",28,"Gateway - Green Valley Ranch"
-104.76321646,39.77303343,"Marrama Park","Neighborhood",FALSE,FALSE,FALSE,64244.7886806701,"80310083903",28,"Gateway - Green Valley Ranch"
-104.76715655,39.79384422,"First Creek - Dunkirk to Tower","Undeveloped",TRUE,FALSE,TRUE,531568.605969186,"80310083892",28,"Gateway - Green Valley Ranch"
-104.76749197,39.7877779,"Town Center Park","Community",FALSE,FALSE,TRUE,1112089.46125418,"80310083892",28,"Gateway - Green Valley Ranch"
-104.76815762,39.77859945,"Green Valley Ranch West Park","Neighborhood",FALSE,FALSE,FALSE,152436.955232067,"80310083901",28,"Gateway - Green Valley Ranch"
-104.76890312,39.7940921,"First Creek Park","Undeveloped",FALSE,FALSE,FALSE,275843.512296342,"80310083892",28,"Gateway - Green Valley Ranch"
-104.77591588,39.79614372,"First Creek Village","Undeveloped",FALSE,FALSE,FALSE,599548.592262153,"80310083881",28,"Gateway - Green Valley Ranch"
-104.78062098,39.78044228,"Unnamed 47th & Telluride Park","Undeveloped",FALSE,FALSE,FALSE,572456.737534034,"80310083882",28,"Gateway - Green Valley Ranch"
-104.78368424,39.78017178,"Derby Canal","Undeveloped",FALSE,FALSE,FALSE,285406.607884747,"80310083882",28,"Gateway - Green Valley Ranch"
-104.78920037,39.81125932,"DEN Open Space","Open Space",TRUE,FALSE,FALSE,8624988.28502617,"80319800001",23,"DIA"
-104.80153251,39.79323316,"Derby Lateral/Highline Canal","Linear",TRUE,FALSE,TRUE,424030.598672889,"80310083881",28,"Gateway - Green Valley Ranch"
-104.80506474,39.79181258,"Parkfield","Regional",TRUE,FALSE,FALSE,3843443.26013225,"80310083881",28,"Gateway - Green Valley Ranch"
-104.81003717,39.78572844,"Chambers Rd","Linear",FALSE,FALSE,TRUE,569922.466315504,"80310083862",45,"Montbello"
-104.81720457,39.79179241,"Ford (Barney L) Park","Neighborhood",FALSE,FALSE,FALSE,189864.383880995,"80310083862",45,"Montbello"
-104.82276878,39.79805803,"E 56th Ave","Linear",FALSE,FALSE,TRUE,434688.335791818,"80310083052",45,"Montbello"
-104.82765913,39.78406031,"Montbello Central Park","Community",FALSE,FALSE,TRUE,1605306.31848749,"80310083872",45,"Montbello"
-104.82837032,39.79297321,"Falcon Park","Neighborhood",FALSE,FALSE,TRUE,419599.999636877,"80310083053",45,"Montbello"
-104.83270966,39.77793424,"Village Place Park","Neighborhood",FALSE,FALSE,TRUE,425590.501319736,"80310083121",45,"Montbello"
-104.83961779,39.78068111,"Montbello Civic Center Park","Neighborhood",FALSE,FALSE,TRUE,289713.321873977,"80310083063",45,"Montbello"
-104.84029108,39.78582173,"Silverman (Melvin F) Park","Neighborhood",FALSE,FALSE,TRUE,391358.153443586,"80310083061",45,"Montbello"
-104.84142359,39.79256388,"Elmendorf Park","Neighborhood",FALSE,FALSE,FALSE,252138.097525081,"80310083043",45,"Montbello"
-104.84355855,39.7802668,"Montbello Open Space","Undeveloped",FALSE,FALSE,FALSE,244442.602232836,"80310083122",45,"Montbello"
-104.85467897,39.65659885,"Kennedy Ballfields Complex","Athletic Complex",TRUE,FALSE,FALSE,2467015.3811797,"80310070061",40,"Kennedy"
-104.86606774,39.6533622,"Kennedy (John F) Municipal Golf Course","Golf",FALSE,FALSE,FALSE,11880596.7942626,"80310070062",40,"Kennedy"
-104.86810206,39.669062,"Babi-Yar Park","Community",TRUE,FALSE,TRUE,1097118.08973228,"80310068133",32,"Hampden"
-104.86966413,39.70492006,"Bezoff (Ben) Park","Neighborhood",FALSE,FALSE,TRUE,232171.239042953,"80310070372",78,"Windsor"
-104.87117455,39.66332109,"Hentzell (Paul A) Park","Open Space",TRUE,FALSE,TRUE,2578455.07046466,"80310068131",32,"Hampden"
-104.8726623,39.7673232,"Sand Creek Open Space","Undeveloped",FALSE,FALSE,FALSE,4477459.1581043,"80310041061",60,"Stapleton"
-104.87287345,39.76548279,"Prairie Uplands Park","Open Space",TRUE,FALSE,TRUE,1935746.81449215,"80310041061",60,"Stapleton"
-104.87372727,39.64775967,"Kennedy Soccer Complex","Athletic Complex",TRUE,FALSE,FALSE,1707984.72372397,"80310070062",40,"Kennedy"
-104.87453712,39.76087547,"Central Park Rec Center","Recreation Center",FALSE,FALSE,TRUE,461151.578226506,"80310041061",60,"Stapleton"
-104.87744155,39.65804452,"Hampden Heights Park","Community",FALSE,FALSE,TRUE,1414076.08018294,"80310068141",32,"Hampden"
-104.8783094,39.7572061,"Westerly Creek Park","Open Space",TRUE,FALSE,TRUE,3002854.43749279,"80310041061",60,"Stapleton"
-104.87904447,39.7968785,"Northfield Athletic Complex","Athletic Complex",FALSE,FALSE,TRUE,909208.594760981,"80310041061",60,"Stapleton"
-104.88082509,39.71927559,"Lowry Open Space","Open Space",TRUE,FALSE,TRUE,2461127.81323938,"80310044052",42,"Lowry Field"
-104.88362635,39.7158548,"Lowry Dam","Open Space",FALSE,FALSE,FALSE,2009520.70686219,"80310044052",42,"Lowry Field"
-104.88418477,39.76156414,"Central Park","Regional",TRUE,FALSE,TRUE,3310860.69896132,"80310041061",60,"Stapleton"
-104.88489926,39.70188346,"Highline Canal (Parker to Havana)","Linear",TRUE,FALSE,TRUE,1252971.92057189,"80310070881",78,"Windsor"
-104.88585221,39.73676264,"New Freedom Park","Neighborhood",FALSE,TRUE,TRUE,92907.9535622363,"80310044043",24,"East Colfax"
-104.88675532,39.66314864,"Golden Key Park","Neighborhood",FALSE,FALSE,TRUE,123265.12228539,"80310068144",32,"Hampden"
-104.88708143,39.73425075,"Westerly Creek (Lowry)","Linear",TRUE,FALSE,TRUE,101047.833132956,"80310044042",24,"East Colfax"
-104.88785016,39.72399595,"Great Lawn Park","Community",TRUE,FALSE,TRUE,1890940.35145433,"80310044053",42,"Lowry Field"
-104.88793324,39.65775006,"Hampden Heights West Park","Linear",TRUE,FALSE,TRUE,186685.173887143,"80310068112",32,"Hampden"
-104.88968119,39.7726042,"Bulk Fuel Farm","Undeveloped",FALSE,FALSE,FALSE,1030547.93444557,"80310041071",60,"Stapleton"
-104.88971011,39.71724295,"Lowry Sports Complex","Athletic Complex",FALSE,FALSE,TRUE,2239729.98861393,"80310044052",42,"Lowry Field"
-104.89004887,39.71893041,"Jackie Robinson Fields","Athletic Complex",FALSE,FALSE,FALSE,865943.269396836,"80310044052",42,"Lowry Field"
-104.89019941,39.62910513,"Wallace (George M) Park","Neighborhood",FALSE,FALSE,TRUE,1080200.84438486,"80310068042",33,"Hampden South"
-104.8905515,39.72976602,"Kelly Open Space","Open Space",TRUE,FALSE,FALSE,2590613.62665791,"80310044053",42,"Lowry Field"
-104.89118022,39.7529316,"Greenway Park","Linear",TRUE,TRUE,TRUE,1761147.62644623,"80310041071",60,"Stapleton"
-104.89127129,39.73425285,"Verbena Park","Neighborhood",FALSE,FALSE,TRUE,312694.792240817,"80310044042",24,"East Colfax"
-104.89229852,39.63316937,"Wallace (George M) Park North","Neighborhood",FALSE,FALSE,TRUE,336397.497337058,"80310068041",33,"Hampden South"
-104.89371892,39.63776456,"Goldsmith Gulch North Middle","Open Space",TRUE,FALSE,FALSE,194607.004673101,"80310068095",33,"Hampden South"
-104.89508112,39.72742602,"Montclair Recreation Center","Recreation Center",FALSE,FALSE,FALSE,244296.719723273,"80310044054",42,"Lowry Field"
-104.89512424,39.64062663,"Rosamond Park","Community",FALSE,FALSE,TRUE,1551181.73017763,"80310068094",33,"Hampden South"
-104.89661029,39.64686875,"Goldsmith Gulch North","Linear",TRUE,FALSE,TRUE,235219.435703995,"80310068104",33,"Hampden South"
-104.89710154,39.77582078,"Swift Property","Undeveloped",FALSE,FALSE,FALSE,410693.623313914,"80310041071",60,"Stapleton"
-104.89729808,39.6585628,"Hutchinson East Park","Linear",TRUE,FALSE,TRUE,248602.197322839,"80310068114",32,"Hampden"
-104.89779145,39.78248559,"Northfield Pond Park","Open Space",TRUE,FALSE,TRUE,1460657.27702011,"80310041071",60,"Stapleton"
-104.89857614,39.72924484,"Crescent Park","Neighborhood",TRUE,FALSE,TRUE,311480.788251785,"80310044054",42,"Lowry Field"
-104.89870471,39.71462494,"Bayaud Park","Linear",FALSE,FALSE,TRUE,302487.171501947,"80310044051",42,"Lowry Field"
-104.89935554,39.74471184,"McNichols (William H) Park","Neighborhood",FALSE,FALSE,TRUE,142032.486558797,"80310044033",24,"East Colfax"
-104.89998713,39.72440221,"City of Ulaanbaatar Park","Neighborhood",TRUE,FALSE,TRUE,224242.691887584,"80310044054",42,"Lowry Field"
-104.90146325,39.75265535,"Thomas (Fred N) Park","Community",FALSE,FALSE,TRUE,1280705.7126123,"80310041071",60,"Stapleton"
-104.9016431,39.65492748,"Goldsmith Gulch","Linear",FALSE,FALSE,FALSE,110922.616558536,"80310068122",32,"Hampden"
-104.90212166,39.68652829,"City of Chennai Park","Neighborhood",TRUE,FALSE,TRUE,351762.33381198,"80310070131",38,"Indian Creek"
-104.90380174,39.76121983,"McClain (Thomas Ernest) Park","Pocket",FALSE,FALSE,TRUE,14170.9333642429,"80310041041",48,"North Park Hill"
-104.90384432,39.65841965,"Hutchinson (Theodore A) Park","Open Space",TRUE,FALSE,TRUE,709481.210405745,"80310068122",32,"Hampden"
-104.90401965,39.73354294,"Denison Park","Neighborhood",FALSE,FALSE,FALSE,104519.410036466,"80310043041",46,"Montclair"
-104.90429729,39.67467856,"Unnamed Quebec & Wesley Park","Pocket",FALSE,FALSE,FALSE,25262.4756094976,"80310069011",30,"Goldsmith"
-104.90574483,39.69656292,"Jacobs (Frances Weisbart) Park","Neighborhood",FALSE,FALSE,TRUE,523617.74686441,"80310050024",72,"Washington Virginia Vale"
-104.90620394,39.66494841,"Bible (James A) Park","Community",TRUE,FALSE,TRUE,2878838.36044785,"80310068121",32,"Hampden"
-104.90694239,39.65146329,"Southmoor Park","Community",FALSE,FALSE,TRUE,753959.525327241,"80310068092",33,"Hampden South"
-104.90750414,39.72989403,"Kittredge Park","Neighborhood",FALSE,FALSE,TRUE,96420.0575918806,"80310043042",46,"Montclair"
-104.9079275,39.73348895,"Richthofen Memorial Fountain","Pocket",FALSE,FALSE,FALSE,5421.00864215593,"80310043041",46,"Montclair"
-104.90820402,39.7701928,"Martin Luther King Park","Neighborhood",FALSE,FALSE,TRUE,492359.038326124,"80310041021",49,"Northeast Park Hill"
-104.90875465,39.63981143,"Eastmoor Park","Neighborhood",TRUE,FALSE,TRUE,521878.280048025,"80310068092",33,"Hampden South"
-104.90877801,39.73499473,"Montclair Park","Neighborhood",FALSE,FALSE,FALSE,102534.980375888,"80310043041",46,"Montclair"
-104.91017136,39.68719896,"Cook (Judge Joseph E) Park","Community",TRUE,FALSE,TRUE,1647531.80263032,"80310052002",69,"Virginia Village"
-104.91051648,39.69037509,"Garland South Greenbelt","Linear",TRUE,FALSE,TRUE,107713.367838533,"80310050025",72,"Washington Virginia Vale"
-104.91112922,39.66592587,"Highline Canal (Colorado to Parker)","Linear",TRUE,FALSE,TRUE,2686127.50926292,"80310068121",32,"Hampden"
-104.91534993,39.71536396,"Crestmoor Park","Community",FALSE,FALSE,TRUE,1621398.34446772,"80310043063",37,"Hilltop"
-104.91688165,39.69538814,"Garland (David T) Park","Community",FALSE,FALSE,TRUE,2190289.29152314,"80310050011",72,"Washington Virginia Vale"
-104.91760912,39.69292982,"Old Cavalcade Trail","Linear",FALSE,FALSE,FALSE,80805.3836752418,"80310052001",69,"Virginia Village"
-104.91788879,39.70215728,"Garland North Greenbelt","Linear",TRUE,FALSE,TRUE,235614.859195931,"80310050011",72,"Washington Virginia Vale"
-104.92047744,39.64530472,"Jefferson Square Park","Neighborhood",FALSE,FALSE,FALSE,198333.899198799,"80310040041",58,"Southmoor Park"
-104.92055651,39.73228575,"Mayfair Park","Neighborhood",TRUE,FALSE,TRUE,212851.279765256,"80310043043",46,"Montclair"
-104.92112076,39.76471342,"Skyland Park","Neighborhood",FALSE,FALSE,TRUE,353278.967217144,"80310041023",49,"Northeast Park Hill"
-104.92362203,39.69600698,"City of Potenza Park","Neighborhood",FALSE,FALSE,TRUE,198360.347129689,"80310051021",69,"Virginia Village"
-104.92411106,39.68527668,"Ash Grove Park","Neighborhood",FALSE,FALSE,TRUE,317928.454726626,"80310051023",69,"Virginia Village"
-104.92692905,39.72020351,"Robinson Park","Neighborhood",FALSE,FALSE,FALSE,295543.93170473,"80310043031",37,"Hilltop"
-104.92731009,39.70310512,"Four Mile Historic Park","Special Use",FALSE,FALSE,FALSE,473722.179376465,"80310153002",72,"Washington Virginia Vale"
-104.92855539,39.75798479,"Unnamed 29th & Fairfax","Undeveloped",FALSE,FALSE,FALSE,15795.0634308485,"80310041032",48,"North Park Hill"
-104.93251192,39.75081245,"Ferguson (WH) Park","Pocket",FALSE,FALSE,FALSE,11475.6008514147,"80310042016",57,"South Park Hill"
-104.93288074,39.73404421,"Lindsley (Henry S) Park","Neighborhood",FALSE,FALSE,TRUE,307518.686454178,"80310043011",31,"Hale"
-104.93498827,39.76323046,"City of Axum Park","Neighborhood",FALSE,FALSE,FALSE,221490.646847864,"80310041013",49,"Northeast Park Hill"
-104.93549784,39.7193483,"Cranmer Park","Community",FALSE,FALSE,FALSE,1051751.37559506,"80310043032",37,"Hilltop"
-104.93615046,39.65955259,"Eisenhower (Mamie Doud) Park","Community",FALSE,FALSE,TRUE,879587.941904152,"80310040034",65,"University Hills"
-104.9393433,39.7126777,"Burns (DC) Park","Neighborhood",FALSE,FALSE,FALSE,538079.439520068,"80310043034",37,"Hilltop"
-104.93994799,39.65407127,"Magna Carta Park","Neighborhood",FALSE,FALSE,TRUE,156272.343336936,"80310040034",65,"University Hills"
-104.94082063,39.77053412,"Colorado Blvd Park","Linear",FALSE,FALSE,TRUE,66231.0280923036,"80310036021",17,"Clayton"
-104.9412165,39.76034146,"Boyd (J. Langston) Park","Neighborhood",FALSE,FALSE,TRUE,212720.729442815,"80310036031",55,"Skyland"
-104.94374618,39.70854473,"City of Takayama Park","Linear",FALSE,FALSE,TRUE,263728.747732419,"80310039011",7,"Belcaro"
-104.94408199,39.70698227,"City of Brest Park","Community",FALSE,FALSE,TRUE,711709.595411715,"80310039011",7,"Belcaro"
-104.94608151,39.65572229,"Wellshire Municipal Golf Course","Golf",FALSE,FALSE,FALSE,5827670.33063062,"80310040021",73,"Wellshire"
-104.94685422,39.76634461,"City of Nairobi Park","Neighborhood",FALSE,FALSE,FALSE,98766.8571383874,"80310036023",17,"Clayton"
-104.94748978,39.71306146,"Pulaski Park","Neighborhood",FALSE,FALSE,FALSE,383253.70495166,"80310038004",13,"Cherry Creek"
-104.94833828,39.71230976,"City of Karmiel Park","Linear",FALSE,FALSE,TRUE,145578.787008306,"80310038004",13,"Cherry Creek"
-104.94844496,39.7138264,"Gates Tennis Center","Special Use",FALSE,FALSE,FALSE,199626.57894405,"80310038004",13,"Cherry Creek"
-104.94931974,39.79023681,"Swansea Neighborhood Park","Neighborhood",FALSE,FALSE,TRUE,145184.670443014,"80310035002",25,"Elyria Swansea"
-104.9500095,39.70605012,"Steele St Bikeway","Linear",FALSE,FALSE,FALSE,26186.2834589395,"80310039011",7,"Belcaro"
-104.95018342,39.74745776,"City Park","Regional",FALSE,FALSE,FALSE,13683046.6209668,"80310037011",14,"City Park"
-104.95036585,39.75279644,"City Park Municipal Golf Course","Golf",FALSE,FALSE,FALSE,6041236.06845847,"80310036031",55,"Skyland"
-104.95148584,39.7147795,"Cherry Creek Park","Linear",TRUE,FALSE,TRUE,102647.016066259,"80310038004",13,"Cherry Creek"
-104.9516049,39.6816885,"Prairie Park","Linear",TRUE,FALSE,TRUE,323454.505837984,"80310040052",66,"University Park"
-104.9523391,39.668035,"McWilliams (Robert H) Park","Neighborhood",FALSE,FALSE,TRUE,341943.285175463,"80310040063",66,"University Park"
-104.95296167,39.6764225,"Observatory Park","Neighborhood",FALSE,FALSE,FALSE,454600.224717199,"80310040062",66,"University Park"
-104.95398895,39.66970745,"Harvard Gulch East","Linear",TRUE,FALSE,TRUE,465870.684377415,"80310040063",66,"University Park"
-104.95467283,39.7002049,"Bonnie Brae Park","Neighborhood",FALSE,FALSE,TRUE,64188.8950237713,"80310039013",7,"Belcaro"
-104.95469686,39.77830207,"Dunham (Lee) Park","Neighborhood",FALSE,FALSE,FALSE,106983.46929873,"80310035005",25,"Elyria Swansea"
-104.95557186,39.78554954,"Swansea Park","Neighborhood",FALSE,FALSE,TRUE,466902.089136909,"80310035002",25,"Elyria Swansea"
-104.95612086,39.76873503,"Schafer (Martin J) Park","Neighborhood",FALSE,FALSE,TRUE,387363.102163641,"80310036021",17,"Clayton"
-104.95708382,39.73009892,"Congress Park","Community",FALSE,FALSE,FALSE,835390.090260937,"80310033004",20,"Congress Park"
-104.95727457,39.68210794,"Buchtel Centennial Park","Pocket",FALSE,FALSE,FALSE,17036.7742191973,"80310040052",66,"University Park"
-104.95761398,39.73201389,"Capitol Hill Reservoir","Athletic Complex",FALSE,FALSE,FALSE,307867.591006693,"80310033004",20,"Congress Park"
-104.95769339,39.72286778,"Manley (James N) Park","Neighborhood",FALSE,FALSE,TRUE,62406.6075034575,"80310038005",13,"Cherry Creek"
-104.95838001,39.74096114,"Carla Madison Rec Center","Recreation Center",FALSE,FALSE,FALSE,126946.446987275,"80310037012",14,"City Park"
-104.96149187,39.73202721,"Denver Botanic Gardens","Special Use",FALSE,TRUE,FALSE,990089.665972856,"80310032023",12,"Cheesman Park"
-104.9615834,39.76755108,"Russell Square Park","Neighborhood",FALSE,FALSE,FALSE,99142.8473124138,"80310036012",18,"Cole"
-104.96171252,39.67069016,"DeBoer (SR) Park","Neighborhood",FALSE,FALSE,TRUE,206700.182977386,"80310030041",64,"University"
-104.96278518,39.68683198,"Veterans Park","Community",FALSE,FALSE,TRUE,706022.060835817,"80310034023",70,"Washington Park"
-104.96401321,39.78447628,"Elyria Park","Neighborhood",FALSE,FALSE,FALSE,111468.458174484,"80310035001",25,"Elyria Swansea"
-104.96458154,39.75935509,"Walker (Madame CJ) Park","Pocket",FALSE,FALSE,FALSE,43155.6948975163,"80310023001",77,"Whittier"
-104.96529818,39.72819308,"Cheesman Park Esplanade","Neighborhood",FALSE,FALSE,FALSE,115777.970960127,"80310032033",22,"Country Club"
-104.96645337,39.73278794,"Cheesman Park","Regional",FALSE,FALSE,TRUE,3514617.61024191,"80310032015",12,"Cheesman Park"
-104.96717374,39.75756123,"Fuller Park","Neighborhood",FALSE,FALSE,FALSE,254635.982555723,"80310023002",77,"Whittier"
-104.96790148,39.76172864,"Morrison (George Sr) Park","Neighborhood",FALSE,FALSE,TRUE,163986.761166769,"80310023001",77,"Whittier"
-104.96807887,39.75936188,"Douglass (Fredrick) Park","Pocket",FALSE,FALSE,FALSE,22127.4548534196,"80310023001",77,"Whittier"
-104.97096087,39.70007732,"Washington Park","Regional",FALSE,FALSE,TRUE,6853293.68255149,"80310034021",70,"Washington Park"
-104.97108908,39.75964068,"Williams (Dr. Daniel Hale) Park","Pocket",FALSE,FALSE,FALSE,26683.5386496944,"80310023001",77,"Whittier"
-104.97112646,39.76957454,"St. Charles Place Park","Neighborhood",FALSE,FALSE,FALSE,106862.560906139,"80310036011",18,"Cole"
-104.97241432,39.79033174,"Carpio Sanguinette Park","Neighborhood",FALSE,FALSE,TRUE,623946.113442177,"80310015001",29,"Globeville"
-104.97272998,39.67151755,"Harvard Gulch Mini Park","Pocket",FALSE,FALSE,TRUE,27985.6651318714,"80310030042",64,"University"
-104.97351904,39.74376465,"Park Ave Parks","Neighborhood",FALSE,FALSE,FALSE,118570.588078767,"80310026021",47,"North Capitol Hill"
-104.97488634,39.7543125,"Quick (Lenore B) Park","Pocket",FALSE,FALSE,FALSE,18889.9421835679,"80310024021",26,"Five Points"
-104.97535273,39.75506804,"Glenarm Recreation Center","Recreation Center",FALSE,FALSE,FALSE,44973.9223745479,"80310024031",26,"Five Points"
-104.97580932,39.72057723,"Alamo Placita Park","Neighborhood",FALSE,FALSE,FALSE,201403.572524003,"80310028012",59,"Speer"
-104.97632553,39.76127925,"Mestizo-Curtis Park","Neighborhood",FALSE,FALSE,TRUE,370893.146874201,"80310016001",26,"Five Points"
-104.97639755,39.7186701,"Hungarian Freedom Park","Neighborhood",FALSE,FALSE,FALSE,74990.3688892681,"80310028031",59,"Speer"
-104.97684284,39.77706119,"Globeville Landing Park","Neighborhood",FALSE,FALSE,TRUE,350225.072559207,"80310035001",25,"Elyria Swansea"
-104.97886048,39.67244904,"Harvard Gulch Golf Course","Golf",FALSE,FALSE,FALSE,563841.442274559,"80310030022",53,"Rosedale"
-104.97930212,39.67582735,"Harvard Gulch North Park","Athletic Complex",FALSE,FALSE,FALSE,357677.343437043,"80310030021",53,"Rosedale"
-104.97986219,39.6732092,"Harvard Gulch Park","Community",FALSE,FALSE,TRUE,1659894.37080848,"80310030022",53,"Rosedale"
-104.98062272,39.72821501,"Grant-Humphrey's Mansion Park","Special Use",FALSE,FALSE,FALSE,81999.5608894593,"80310027023",9,"Capitol Hill"
-104.98090739,39.7704627,"Unnamed 34th & Arkins","Undeveloped",FALSE,FALSE,FALSE,91655.2675580057,"80310016001",26,"Five Points"
-104.98138021,39.73178373,"Quality Hill Park","Pocket",FALSE,FALSE,FALSE,12257.4665306187,"80310027023",9,"Capitol Hill"
-104.98162257,39.72788859,"Governors Park","Neighborhood",FALSE,FALSE,TRUE,86022.146290865,"80310027025",9,"Capitol Hill"
-104.98217067,39.7837669,"Argo Park","Neighborhood",FALSE,FALSE,FALSE,524248.401246541,"80310015002",29,"Globeville"
-104.98222868,39.75460091,"Stout Street Children's Park","Pocket",FALSE,FALSE,FALSE,9531.27455847732,"80310024033",26,"Five Points"
-104.98228625,39.74797401,"Benedict Fountain Park","Neighborhood",FALSE,FALSE,FALSE,126671.149355081,"80310024032",26,"Five Points"
-104.98268713,39.75185879,"Lawson (Sonny) Park","Neighborhood",FALSE,FALSE,FALSE,108128.104883846,"80310024033",26,"Five Points"
-104.98327388,39.77814605,"Globeville Recreation Center","Recreation Center",FALSE,FALSE,FALSE,9238.95492793148,"80310015003",29,"Globeville"
-104.98340258,39.68848321,"Platt (James H) Park","Neighborhood",FALSE,FALSE,FALSE,162166.476779227,"80310030011",51,"Platt Park"
-104.98389765,39.67281416,"Rosedale Park","Neighborhood",TRUE,TRUE,TRUE,554988.038513617,"80310030023",53,"Rosedale"
-104.98462429,39.67037173,"City of Kunming Park","Neighborhood",FALSE,FALSE,FALSE,157821.004680766,"80310030023",53,"Rosedale"
-104.98650793,39.72704633,"Zeckendorf Plaza Park","Pocket",FALSE,FALSE,FALSE,14859.4622225062,"80310028013",59,"Speer"
-104.98723225,39.78853307,"Unnamed 51st & Broadway","Neighborhood",FALSE,FALSE,FALSE,55558.2567552451,"80310015001",29,"Globeville"
-104.98737056,39.75365865,"Broadway Triangles","Pocket",FALSE,FALSE,FALSE,16214.5462760495,"80310016003",26,"Five Points"
-104.98766365,39.7550742,"Maestas (Eddie) Park","Special Use",FALSE,TRUE,FALSE,16114.1656398659,"80310016002",26,"Five Points"
-104.9876854,39.74036457,"Pioneer Monument Park","Pocket",FALSE,FALSE,FALSE,12949.5742321133,"80310017022",10,"CBD"
-104.98881275,39.73908209,"Civic Center Park","Regional",FALSE,FALSE,FALSE,461936.149433616,"80310020001",16,"Civic Center"
-104.98952145,39.74054014,"MacIntosh (Kenneth M) Park","Pocket",FALSE,FALSE,TRUE,14168.0211522541,"80310017022",10,"CBD"
-104.99000668,39.75130533,"20th St Rec Center","Recreation Center",FALSE,FALSE,FALSE,12542.5230706656,"80310016002",26,"Five Points"
-104.99270822,39.70133589,"Vanderbilt East Park","Undeveloped",FALSE,FALSE,FALSE,152631.919443607,"80310021003",3,"Baker"
-104.99270822,39.73069781,"Sunken Gardens Park","Neighborhood",FALSE,FALSE,TRUE,484101.576212173,"80310018002",41,"Lincoln Park"
-104.99308687,39.71613873,"Dailey Park","Neighborhood",FALSE,FALSE,TRUE,115921.039341075,"80310021003",3,"Baker"
-104.99433304,39.71555611,"La Familia Recreation Center","Recreation Center",FALSE,FALSE,FALSE,37073.0696215152,"80310021003",3,"Baker"
-104.99497669,39.69042043,"Aqua Golf at Overland","Golf",FALSE,FALSE,FALSE,614111.21257248,"80310014031",50,"Overland"
-104.99521203,39.74856259,"Skyline Park","Special Use",FALSE,FALSE,FALSE,111433.487577591,"80310017021",10,"CBD"
-104.99552945,39.70055239,"Vanderbilt Park","Community",TRUE,FALSE,TRUE,1063149.09399306,"80310013022",1,"Athmar Park"
-104.9960523,39.72278504,"Flores (Hector M) Park","Pocket",FALSE,FALSE,FALSE,15652.87509184,"80310021005",3,"Baker"
-104.99668448,39.68527682,"Overland Municipal Golf Course","Golf",FALSE,FALSE,FALSE,6054939.1133913,"80310014031",50,"Overland"
-104.9969857,39.67397333,"Grant Frontier Park","Neighborhood",TRUE,FALSE,TRUE,386336.855244046,"80310014032",50,"Overland"
-104.99775139,39.67958681,"Pasquinel's Landing","Neighborhood",TRUE,FALSE,TRUE,147313.829607964,"80310014031",50,"Overland"
-104.99783392,39.68985572,"Overland Pond Park","Open Space",TRUE,FALSE,TRUE,369958.298411022,"80310014031",50,"Overland"
-104.99786801,39.67376786,"Frontier West","Neighborhood",FALSE,FALSE,TRUE,121407.557284998,"80310014032",50,"Overland"
-104.99827405,39.70567174,"Johnson-Habitat Park","Community",TRUE,FALSE,FALSE,334505.841853397,"80310013022",1,"Athmar Park"
-104.99932806,39.74342506,"Sculpture Park","Special Use",FALSE,FALSE,FALSE,110110.078735364,"80310017022",10,"CBD"
-105.00018199,39.7464265,"Creekfront Park","Pocket",FALSE,FALSE,TRUE,33229.2702092553,"80310017015",63,"Union Station"
-105.00039375,39.7626276,"City of Cuernavaca Park","Community",TRUE,FALSE,TRUE,1077922.13041295,"80310011021",36,"Highland"
-105.00128931,39.75820761,"Railyard Dog Park","Special Use",FALSE,FALSE,FALSE,33485.7833324971,"80310017011",63,"Union Station"
-105.00145374,39.76841421,"Franco (Bernabe Indio) Park","Pocket",FALSE,FALSE,FALSE,25214.7551979167,"80310011021",36,"Highland"
-105.00264438,39.77241127,"Ciancio Park","Neighborhood",FALSE,FALSE,FALSE,173051.576015452,"80310011011",62,"Sunnyside"
-105.0026841,39.70443418,"Aspgren (Clifford) Park","Neighborhood",FALSE,FALSE,FALSE,160175.823048602,"80310013021",1,"Athmar Park"
-105.00272548,39.75958824,"Denver Skate Park","Special Use",FALSE,FALSE,FALSE,83308.8603716516,"80310017011",63,"Union Station"
-105.00282139,39.71376266,"Valverde Park","Athletic Complex",FALSE,FALSE,TRUE,252310.646830484,"80310010001",67,"Valverde"
-105.00390376,39.6860143,"Ruby Hill Park","Regional",TRUE,FALSE,TRUE,3565914.87328342,"80310014021",54,"Ruby Hill"
-105.00406227,39.73526876,"La Alma / Lincoln Park","Community",FALSE,FALSE,FALSE,654501.190302946,"80310019011",41,"Lincoln Park"
-105.00410282,39.75008749,"Downtown Playground","Pocket",FALSE,FALSE,FALSE,35494.0846680641,"80310019021",2,"Auraria"
-105.00474827,39.77756473,"Aztlan Park","Neighborhood",FALSE,FALSE,FALSE,160506.891753511,"80310002021",62,"Sunnyside"
-105.00482321,39.76990836,"Columbus Park","Neighborhood",FALSE,FALSE,FALSE,99845.4376428264,"80310011013",62,"Sunnyside"
-105.0048538,39.76270257,"Community Plaza Park","Pocket",FALSE,FALSE,FALSE,41409.0008658856,"80310011023",36,"Highland"
-105.00525407,39.75672382,"Commons Park","Community",TRUE,FALSE,TRUE,766238.484914001,"80310017011",63,"Union Station"
-105.00597948,39.75156212,"Speer Blvd Park","Neighborhood",FALSE,FALSE,FALSE,153706.349192526,"80310019021",2,"Auraria"
-105.00612202,39.7634593,"St. Patrick's Neighborhood Park","Pocket",FALSE,FALSE,FALSE,12351.518148086,"80310011023",36,"Highland"
-105.00620155,39.76185988,"Highland Gateway Park","Pocket",FALSE,FALSE,FALSE,38560.1038001856,"80310011023",36,"Highland"
-105.00701228,39.71189448,"Unnamed Byers & Pecos Park","Pocket",FALSE,FALSE,FALSE,43167.9862988405,"80310010001",67,"Valverde"
-105.00722351,39.78080377,"Unnamed 46th & Pecos Park","Neighborhood",FALSE,FALSE,FALSE,151874.096533418,"80310002022",62,"Sunnyside"
-105.00760105,39.75455696,"Confluence East Park","Community",FALSE,FALSE,TRUE,40011.6956949538,"80310017012",63,"Union Station"
-105.00850837,39.75422159,"Confluence Park","Community",FALSE,FALSE,TRUE,127312.586283316,"80310019021",2,"Auraria"
-105.00860883,39.79015395,"Unnamed Berkeley & Burlington Park","Pocket",FALSE,FALSE,FALSE,11904.1751362979,"80310002012",11,"Chaffee Park"
-105.00994479,39.75254786,"Centennial Gardens","Special Use",TRUE,FALSE,TRUE,239342.147509097,"80310019021",2,"Auraria"
-105.01055019,39.76036934,"Hirshorn Park","Neighborhood",FALSE,FALSE,FALSE,94073.6701237274,"80310011023",36,"Highland"
-105.01059969,39.77651999,"Chaffee (Jerome B) Park","Neighborhood",FALSE,FALSE,FALSE,219321.96036747,"80310011014",62,"Sunnyside"
-105.01188045,39.75290998,"Fishback Park","Neighborhood",TRUE,FALSE,TRUE,94593.6383532591,"80310006001",39,"Jefferson Park"
-105.01196705,39.68022855,"Unnamed Asbury & Tejon Park","Neighborhood",FALSE,FALSE,FALSE,250566.036315983,"80310156002",19,"College View - South Platte"
-105.01212295,39.68889697,"Sanderson Gulch - Florida & Raritan","Linear",TRUE,FALSE,TRUE,679421.27853705,"80310014022",54,"Ruby Hill"
-105.01275942,39.71393486,"West-Bar-Val-Wood Park","Neighborhood",FALSE,FALSE,TRUE,551117.7282206,"80310010001",67,"Valverde"
-105.01313861,39.7232893,"Milstein (Phil) Park","Linear",FALSE,FALSE,TRUE,238612.754158854,"80310021003",3,"Baker"
-105.01436093,39.74819434,"Platte River at Elitch Gardens","Linear",TRUE,FALSE,TRUE,292464.407447071,"80310019021",2,"Auraria"
-105.01468425,39.78969163,"Unnamed 51st & Zuni Park","Neighborhood",FALSE,FALSE,TRUE,556810.16277844,"80310002012",11,"Chaffee Park"
-105.01469334,39.69020377,"Godsman Park","Neighborhood",FALSE,FALSE,FALSE,219880.176732322,"80310014012",54,"Ruby Hill"
-105.01542877,39.72790135,"Frog Hollow Park","Linear",FALSE,FALSE,TRUE,246583.018606445,"80310019011",41,"Lincoln Park"
-105.01619254,39.75336161,"Diamond Hill Promenade","Linear",FALSE,FALSE,TRUE,86520.7347389494,"80310006001",39,"Jefferson Park"
-105.01657279,39.7014433,"Huston Lake Park","Community",FALSE,FALSE,TRUE,1423324.28299876,"80310013013",1,"Athmar Park"
-105.01667684,39.74726497,"Gates Crescent Park","Neighborhood",TRUE,FALSE,TRUE,471026.152263122,"80310006001",39,"Jefferson Park"
-105.01812831,39.75987926,"Ashland Recreation Center","Recreation Center",FALSE,FALSE,FALSE,62726.7772255185,"80310004024",36,"Highland"
-105.0187185,39.71616941,"Unnamed Bryant & Ellsworth Park","Pocket",FALSE,FALSE,FALSE,22873.8402333474,"80310010003",67,"Valverde"
-105.01965554,39.66119999,"Dartmouth Gulch Park","Open Space",TRUE,FALSE,FALSE,145672.1299781,"80310156001",19,"College View - South Platte"
-105.01972179,39.6851676,"Athmar Park","Neighborhood",FALSE,FALSE,FALSE,143301.967124708,"80310014024",54,"Ruby Hill"
-105.02010944,39.73085321,"Weir Gulch Marina Park","Neighborhood",FALSE,FALSE,TRUE,290479.623660423,"80310008001",61,"Sun Valley"
-105.02019325,39.73857087,"Lower Lakewood Gulch","Open Space",FALSE,FALSE,TRUE,263746.103561014,"80310008001",61,"Sun Valley"
-105.02134405,39.67056947,"Harvard Gulch West","Linear",FALSE,FALSE,TRUE,523358.446124008,"80310156004",19,"College View - South Platte"
-105.02183771,39.69873627,"Tennessee Utility Easement","Linear",FALSE,FALSE,FALSE,184083.275148174,"80310013012",1,"Athmar Park"
-105.02208039,39.75060468,"Jefferson Park","Neighborhood",FALSE,FALSE,FALSE,289358.067102055,"80310006002",39,"Jefferson Park"
-105.02244529,39.68808107,"Sanderson Gulch","Linear",TRUE,FALSE,TRUE,2277586.04739842,"80310014023",54,"Ruby Hill"
-105.02330674,39.73661357,"Rude Park","Neighborhood",FALSE,FALSE,TRUE,454205.379489938,"80310008001",61,"Sun Valley"
-105.02343337,39.72418711,"Barnum East Park","Athletic Complex",FALSE,FALSE,FALSE,512635.502804905,"80310010001",67,"Valverde"
-105.02392505,39.7590745,"Viking Park","Neighborhood",FALSE,FALSE,TRUE,250242.89161023,"80310004024",36,"Highland"
-105.02587538,39.77383578,"McDonough Park","Neighborhood",FALSE,FALSE,TRUE,159113.56726455,"80310003011",8,"Berkeley"
-105.02653911,39.76292368,"Highland Park","Neighborhood",FALSE,FALSE,TRUE,305101.736085977,"80310003032",75,"West Highland"
-105.02717557,39.72684811,"Sandos (M.L. Sam) Park","Athletic Complex",TRUE,FALSE,TRUE,704127.561360802,"80310009054",68,"Villa Park"
-105.02809252,39.68677934,"Sanderson Gulch - Irving & Java","Linear",FALSE,FALSE,TRUE,288070.388319021,"80310046022",43,"Mar Lee"
-105.02812629,39.72359373,"Barnum Park","Community",FALSE,FALSE,TRUE,1480241.7651304,"80310009031",4,"Barnum"
-105.02911598,39.73603059,"Sanchez (Paco) Park","Community",FALSE,FALSE,TRUE,1301551.88296453,"80310007022",74,"West Colfax"
-105.02953662,39.70063629,"Unnamed Kentucky & Irving","Undeveloped",FALSE,FALSE,FALSE,12305.8192553812,"80310045063",76,"Westwood"
-105.03037009,39.78193917,"Rocky Mountain Lake Park","Community",FALSE,FALSE,TRUE,2417528.28999974,"80310001021",8,"Berkeley"
-105.03073141,39.74697827,"Hallack Park","Neighborhood",FALSE,FALSE,FALSE,129466.747142871,"80310005023",56,"Sloan Lake"
-105.03137743,39.69870112,"Ford Pl","Linear",FALSE,FALSE,FALSE,62217.7080424818,"80310045062",76,"Westwood"
-105.03269389,39.70065223,"Unnamed Kentucky & Knox Park","Pocket",FALSE,FALSE,FALSE,16680.8423156468,"80310045061",76,"Westwood"
-105.03277884,39.66386211,"Loretto Heights Park","Neighborhood",TRUE,FALSE,TRUE,598874.80837521,"80310157001",35,"Harvey Park South"
-105.03556208,39.69542307,"Garfield Lake Park","Community",FALSE,FALSE,TRUE,1263170.66345601,"80310046024",43,"Mar Lee"
-105.03718529,39.75818269,"Highland Senior Center Park","Neighborhood",FALSE,FALSE,FALSE,81047.3223443741,"80310005024",56,"Sloan Lake"
-105.03788209,39.71082136,"Cuatro Vientos / Four Winds Park","Neighborhood",FALSE,FALSE,FALSE,51327.3321145897,"80310045051",76,"Westwood"
-105.03793482,39.69952572,"Westwood Utility Easement","Linear",TRUE,TRUE,TRUE,149831.452257603,"80310045062",76,"Westwood"
-105.0384883,39.7183702,"Weir Gulch Park - North","Linear",TRUE,FALSE,TRUE,641577.599401221,"80310009034",4,"Barnum"
-105.03932801,39.63502313,"Bow Mar Heights Park","Neighborhood",TRUE,FALSE,TRUE,781477.974262457,"80310055032",27,"Fort Logan"
-105.0414696,39.67866999,"Harvey Park","Community",FALSE,FALSE,TRUE,1065378.96435578,"80310047001",34,"Harvey Park"
-105.04208879,39.73071477,"Martinez (Joseph P) Park","Neighborhood",FALSE,FALSE,TRUE,529324.095676232,"80310009041",68,"Villa Park"
-105.04271087,39.7345599,"Lakewood / Dry Gulch Park","Linear",TRUE,TRUE,TRUE,2431726.52876398,"80310009043",68,"Villa Park"
-105.04459286,39.77361374,"Chavez (Cesar E) Park","Neighborhood",FALSE,FALSE,FALSE,110702.117504243,"80310003014",8,"Berkeley"
-105.0461709,39.74825333,"Sloan's Lake Park","Regional",FALSE,FALSE,TRUE,12365281.2710593,"80310005012",56,"Sloan Lake"
-105.04617813,39.65156413,"Bear Creek Park","Regional",TRUE,FALSE,TRUE,3760352.97118414,"80310055021",27,"Fort Logan"
-105.0474722,39.63758808,"Pinehurst Park","Neighborhood",FALSE,FALSE,TRUE,596181.394531625,"80310055033",27,"Fort Logan"
-105.04767589,39.71312767,"Dreiling (Ruth Lucille) Park","Linear",TRUE,FALSE,TRUE,254294.732475308,"80310009023",5,"Barnum West"
-105.04860942,39.78227341,"Berkeley Lake Park","Regional",FALSE,FALSE,TRUE,3534348.17196931,"80310001023",8,"Berkeley"
-105.04885027,39.78782276,"Willis Case Municipal Golf Course","Golf",FALSE,FALSE,FALSE,5197778.64403178,"80310154003",52,"Regis"
-105.04973106,39.76345709,"Pferdesteller Park","Neighborhood",FALSE,FALSE,FALSE,131097.929868236,"80310003024",75,"West Highland"
-105.04977836,39.70775766,"Weir Gulch Park - South","Linear",TRUE,FALSE,TRUE,457356.814602343,"80310045042",76,"Westwood"
-105.04998152,39.70143463,"Westwood Park","Neighborhood",FALSE,FALSE,TRUE,220203.697145565,"80310045032",76,"Westwood"
-105.05427416,39.7899896,"Camp Rollendet","Special Use",TRUE,FALSE,FALSE,306011.872374939,"80310154001",52,"Regis"
-105.05556228,39.64668384,"Pinecrest Village Park","Neighborhood",FALSE,FALSE,TRUE,309971.41000689,"80310120011",27,"Fort Logan"
-105.05673811,39.78662488,"Inspiration Point Park","Community",TRUE,FALSE,TRUE,1109573.95113772,"80310154001",52,"Regis"
-105.06064009,39.66160916,"Unnamed Bates & Hobart Park","Neighborhood",FALSE,FALSE,TRUE,277090.378558046,"80310119022",6,"Bear Valley"
-105.06710545,39.65047934,"Unnamed Jefferson & Kendall Park","Neighborhood",FALSE,FALSE,TRUE,105442.958036093,"80310119024",6,"Bear Valley"
-105.06952945,39.65907803,"Bear Valley Park","Linear",TRUE,FALSE,TRUE,3138003.29244749,"80310119023",6,"Bear Valley"
-105.09006873,39.63804571,"Lake of Lakes Park","Open Space",TRUE,FALSE,FALSE,244313.863873713,"80310120142",44,"Marston"
-105.09141262,39.63164095,"Southwest Auto Park","Neighborhood",FALSE,FALSE,TRUE,67117.0649671344,"80310120142",44,"Marston"
-105.0921383,39.63477548,"Unnamed Stanford & Balsam Park","Open Space",TRUE,FALSE,TRUE,443432.983243807,"80310120142",44,"Marston"
-105.09468896,39.63225768,"Union & Dudley","Linear",FALSE,FALSE,FALSE,29064.6867985449,"80310120142",44,"Marston"
-105.09935606,39.62899527,"Southwest Recreation Center","Neighborhood",FALSE,FALSE,FALSE,270682.731985292,"80310120144",44,"Marston"
-105.10148814,39.62924014,"Wagon Trail Park","Linear",TRUE,FALSE,TRUE,697977.855778731,"80310120141",44,"Marston"
-105.10337862,39.63223648,"Unnamed Garrison & Union Park","Neighborhood",FALSE,FALSE,TRUE,203604.088017115,"80310120141",44,"Marston"
-105.10346507,39.62715529,"Unnamed Garland & Saratoga Park","Neighborhood",FALSE,FALSE,TRUE,220059.662342349,"80310120143",44,"Marston"
